<?xml version="1.0" encoding="UTF-8" standalone="no"?><configuration development_version="8" major_version="5" minor_version="2">
 <serviceDisable>false</serviceDisable>
 <fipsMode>false</fipsMode>
 <networkPolicy>
  <allowedAssociationModes>
   <openNoEncryption/>
   <wpa2PersonalAes/>
   <wpa2EnterpriseTkip/>
   <wpaPersonalTkip/>
   <openStaticWep/>
   <wpa2PersonalTkip/>
   <cckmEnterpriseTkip/>
   <cckmEnterpriseAes/>
   <open1xDynamicWep/>
   <wpaEnterpriseTkip/>
   <wpa2EnterpriseAes/>
   <sharedStaticWep/>
   <wpaEnterpriseAes/>
   <wpaPersonalAes/>
  </allowedAssociationModes>
  <allowedWiredSecurityModes>
   <openNoEncryption/>
   <dot1xOnly/>
   <dot1xMacSec>
    <macsecCipher>
     <aesGcm128/>
     <aesGcm256/>
    </macsecCipher>
   </dot1xMacSec>
  </allowedWiredSecurityModes>
  <allowedEapMethods>
   <leap/>
   <eapFast>
    <allowedTunneledMethods>
     <eapTls/>
     <eapMschapv2/>
     <eapGtc/>
    </allowedTunneledMethods>
   </eapFast>
   <eapPeap>
    <allowedTunneledMethods>
     <eapTls/>
     <eapMschapv2/>
     <eapGtc/>
    </allowedTunneledMethods>
   </eapPeap>
   <eapTls/>
   <eapTtls>
    <allowedTunneledMethods>
     <eapMschapv2/>
     <pap/>
    </allowedTunneledMethods>
   </eapTtls>
  </allowedEapMethods>
 </networkPolicy>
 <networks>
  <globalNetworks>
   <wiredNetwork>
    <displayName>WIRED</displayName>
    <connectionTimeout>30</connectionTimeout>
    <authenticationNetwork>
     <machineUserAuthentication>
      <machine>
       <eapFast>
        <doNotValidateServerCertificate/>
        <unprotectedIdentityPattern encryptContent="true"><EncryptedData xmlns="http://www.w3.org/2001/04/xmlenc#" Type="http://www.w3.org/2001/04/xmlenc#Content">
<CipherData>
<CipherValue>uyw67P1F3CA0Ep2GkMQaZnKNtf7nIOu14tohxQVIZ4o=</CipherValue>
</CipherData>
</EncryptedData></unprotectedIdentityPattern>
        <enableFastReconnect/>
        <usePac>
         <allowUnauthPacProvisioning>true</allowUnauthPacProvisioning>
         <validateWithSpecificPacs/>
        </usePac>
        <authMethods>
         <builtinMethods>
          <authenticateWithPassword>
           <protectedIdentityPattern encryptContent="true"><EncryptedData xmlns="http://www.w3.org/2001/04/xmlenc#" Type="http://www.w3.org/2001/04/xmlenc#Content">
<CipherData>
<CipherValue>lX0LIpPMDR3kNDBo+egd4KkgWyjwRToG+v/Q5fMExRg=</CipherValue>
</CipherData>
</EncryptedData></protectedIdentityPattern>
           <passwordSource>
            <passwordFromMachine/>
           </passwordSource>
           <methods>
            <eapMschapv2/>
           </methods>
          </authenticateWithPassword>
         </builtinMethods>
        </authMethods>
       </eapFast>
      </machine>
      <user>
       <authenticationMethod>
        <eapFast>
         <doNotValidateServerCertificate/>
         <unprotectedIdentityPattern encryptContent="true"><EncryptedData xmlns="http://www.w3.org/2001/04/xmlenc#" Type="http://www.w3.org/2001/04/xmlenc#Content">
<CipherData>
<CipherValue>4BKMf3tlLeac33Bs2APmjFMRqDZ56Wu/JzMtzcCn7rY=</CipherValue>
</CipherData>
</EncryptedData></unprotectedIdentityPattern>
         <enableFastReconnect>
          <alwaysAttempt/>
         </enableFastReconnect>
         <usePac>
          <allowUnauthPacProvisioning>true</allowUnauthPacProvisioning>
          <validateWithSpecificPacs/>
         </usePac>
         <authMethods>
          <builtinMethods>
           <authenticateWithPassword>
            <protectedIdentityPattern encryptContent="true"><EncryptedData xmlns="http://www.w3.org/2001/04/xmlenc#" Type="http://www.w3.org/2001/04/xmlenc#Content">
<CipherData>
<CipherValue>IvtmJo+F59wwyp7FzuQhGaBq+sIRKbD4cJNK8WHiXzE=</CipherValue>
</CipherData>
</EncryptedData></protectedIdentityPattern>
            <passwordSource>
             <passwordFromLogon/>
            </passwordSource>
            <methods>
             <eapMschapv2/>
            </methods>
           </authenticateWithPassword>
          </builtinMethods>
         </authMethods>
        </eapFast>
       </authenticationMethod>
       <collectionBehavior/>
      </user>
     </machineUserAuthentication>
     <setting802.1x>
      <authPeriod>30</authPeriod>
      <heldPeriod>60</heldPeriod>
      <startPeriod>3</startPeriod>
      <maxStart>2</maxStart>
     </setting802.1x>
    </authenticationNetwork>
   </wiredNetwork>
   <wifiNetwork>
    <displayName>KALANSO</displayName>
    <connectionTimeout>40</connectionTimeout>
    <ssid>
     <name>KALANSO</name>
     <hidden>false</hidden>
    </ssid>
    <associationTimeout>5</associationTimeout>
    <corporate>false</corporate>
    <authenticationNetwork>
     <machineUserAuthentication>
      <machine>
       <eapFast>
        <doNotValidateServerCertificate/>
        <unprotectedIdentityPattern encryptContent="true"><EncryptedData xmlns="http://www.w3.org/2001/04/xmlenc#" Type="http://www.w3.org/2001/04/xmlenc#Content">
<CipherData>
<CipherValue>cffrsirtAsS7N/CpbiXOkLYuD6EVdj785aGnaGpxXbs=</CipherValue>
</CipherData>
</EncryptedData></unprotectedIdentityPattern>
        <enableFastReconnect/>
        <usePac>
         <allowUnauthPacProvisioning>true</allowUnauthPacProvisioning>
         <validateWithSpecificPacs/>
        </usePac>
        <authMethods>
         <builtinMethods>
          <authenticateWithPassword>
           <protectedIdentityPattern encryptContent="true"><EncryptedData xmlns="http://www.w3.org/2001/04/xmlenc#" Type="http://www.w3.org/2001/04/xmlenc#Content">
<CipherData>
<CipherValue>AVy3Nfzheaq+CTYY7Qn9pv2t+w2xjEL7i22xk7WimjY=</CipherValue>
</CipherData>
</EncryptedData></protectedIdentityPattern>
           <passwordSource>
            <passwordFromMachine/>
           </passwordSource>
           <methods>
            <eapMschapv2/>
           </methods>
          </authenticateWithPassword>
         </builtinMethods>
        </authMethods>
       </eapFast>
      </machine>
      <user>
       <authenticationMethod>
        <eapFast>
         <doNotValidateServerCertificate/>
         <unprotectedIdentityPattern encryptContent="true"><EncryptedData xmlns="http://www.w3.org/2001/04/xmlenc#" Type="http://www.w3.org/2001/04/xmlenc#Content">
<CipherData>
<CipherValue>Yn/rsocouLcp6FxiRIN6GduHwEX7hcY1iEae9byY7jw=</CipherValue>
</CipherData>
</EncryptedData></unprotectedIdentityPattern>
         <enableFastReconnect>
          <alwaysAttempt/>
         </enableFastReconnect>
         <usePac>
          <allowUnauthPacProvisioning>true</allowUnauthPacProvisioning>
          <validateWithSpecificPacs/>
         </usePac>
         <authMethods>
          <builtinMethods>
           <authenticateWithPassword>
            <protectedIdentityPattern encryptContent="true"><EncryptedData xmlns="http://www.w3.org/2001/04/xmlenc#" Type="http://www.w3.org/2001/04/xmlenc#Content">
<CipherData>
<CipherValue>vOnuCMKN1/1bDDsJlDc9Czo17zCDqEPLDF3jr5f9z/s=</CipherValue>
</CipherData>
</EncryptedData></protectedIdentityPattern>
            <passwordSource>
             <passwordFromLogon/>
            </passwordSource>
            <methods>
             <eapMschapv2/>
            </methods>
           </authenticateWithPassword>
          </builtinMethods>
         </authMethods>
        </eapFast>
       </authenticationMethod>
       <collectionBehavior/>
      </user>
     </machineUserAuthentication>
     <setting802.1x>
      <authPeriod>30</authPeriod>
      <heldPeriod>60</heldPeriod>
      <startPeriod>30</startPeriod>
      <maxStart>3</maxStart>
     </setting802.1x>
     <associationMode>
      <wpa2>
       <encryption>AES</encryption>
      </wpa2>
     </associationMode>
    </authenticationNetwork>
   </wifiNetwork>
  </globalNetworks>
  <group>
   <groupName>Local networks</groupName>
   <allowUserToSeeScanlist>true</allowUserToSeeScanlist>
   <allowUserToCreateNetworks>true</allowUserToCreateNetworks>
  </group>
 </networks>
 <connectionSettings>
  <connectionBehaviorAtLogon>
   <attemptConnectionAfterUserLogon/>
  </connectionBehaviorAtLogon>
  <validateWpaHandshake>true</validateWpaHandshake>
  <defaultConnectionTimeout>40</defaultConnectionTimeout>
  <defaultAssociationTimeout>5</defaultAssociationTimeout>
 </connectionSettings>
 <userControlPolicy>
  <allowedMedia>
   <wired/>
   <wifi/>
  </allowedMedia>
  <allowRunScriptAfterConnect>false</allowRunScriptAfterConnect>
  <allowUserToCreateGroups>true</allowUserToCreateGroups>
  <enforceManualConnection>false</enforceManualConnection>
  <allowUserToDisableClient>true</allowUserToDisableClient>
 </userControlPolicy>
<Signature xmlns="http://www.w3.org/2000/09/xmldsig#"><SignedInfo><CanonicalizationMethod Algorithm="http://www.w3.org/TR/2001/REC-xml-c14n-20010315#WithComments"/><SignatureMethod Algorithm="http://www.w3.org/2000/09/xmldsig#rsa-sha1"/><Reference URI=""><Transforms><Transform Algorithm="http://www.w3.org/2000/09/xmldsig#enveloped-signature"/></Transforms><DigestMethod Algorithm="http://www.w3.org/2000/09/xmldsig#sha1"/><DigestValue>RAdbq4ie4kA+z8k+lnHAuPzYiZY=</DigestValue></Reference></SignedInfo><SignatureValue>GxoKyShVoxP4MI+API9FRStpMJntdL0CMBrwqHh+HDq0tKOAorwtaD4Sux7baehGJ0ZNsks0HW0H&#13;
/QYsdXkF/GxqsidegZ0kEnto3kqtBxnHkdsezysgqUgShDqwI9d234xjcjhkLSa3HDvSq/O7XVcN&#13;
VvahED02SPQquF4JnsQ=</SignatureValue></Signature></configuration>